"Doc. #","Name","Date Create"
"U-MAIN-AR00018731","WEBJ DREAM CORPORATION","2021-03-20"
"U-MAIN-AR00018903","WEBJ DREAM CORPORATION","2021-04-07"
"O-MAIN-AR00026035","UNITOP GENERAL MERCHANDISE INC...","2021-05-29"
"O-MAIN-AR00026299","UNITOP GENERAL MERCHANDISE INC...","2021-07-08"
"U-MAIN-AR00018699","TOPHOME GROCERY","2021-03-17"
"U-MAIN-AR00018455","SOARING HIGH MARKETING INT'L....","2021-02-23"
"U-MAIN-AR00018475","SOARING HIGH MARKETING INT'L....","2021-02-23"
"U-MAIN-AR00018456","SOARING HIGH MARKETING INT'L....","2021-02-23"
"O-MAIN-AR00026020","SHOPMORE COMMERCIAL CORP. - SH...","2021-05-26"
"O-MAIN-AR00025736","ROSALIANA MARKETING CORPORATIO...","2021-04-16"
"U-MAIN-AR00018933","ROMARK SALES","2021-04-12"
"U-MAIN-AR00019181","REDDIMART MULTI-RESOURCES, INC...","2021-05-05"
"U-MAIN-AR00020027","REDDIMART MULTI-RESOURCES, INC...","2021-07-30"
"U-MAIN-AR00019182","REDDIMART MULTI-RESOURCES, INC...","2021-05-05"
"O-MAIN-AR00026420","REATON MART","2021-07-31"
"O-MAIN-AR00025870","RCS SUPERMARKET - STA.ANA","2021-04-29"
"O-MAIN-AR00026232","RCS SUPERMARKET - MANGATAREM","2021-06-29"
"O-MAIN-AR00025395","RCS SUPERMARKET - CONCEPCION B...","2021-02-13"
"O-MAIN-AR00025558","PRONTO DISTRIBUTOR MARKETING S...","2021-03-13"
"U-MAIN-AR00018121","PAX & FOUND SALES DISTRIBUTOR","2021-01-18"
"U-MAIN-AR00018706","PAX & FOUND SALES DISTRIBUTOR","2021-03-18"
"O-MAIN-AR00026283","MSCS PRIMEGOODS, INC.","2021-07-06"
"U-MAIN-AR00020072","MICHAEL CHUNG","2021-08-05"
"O-MAIN-AR00026311","MASSWAY SUPERMARKET-VALENZUELA","2021-07-13"
"U-MAIN-AR00019827","LORENA JADORMEO - TFI","2021-07-06"
"U-MAIN-AR00020022","LJKT MARKETING.","2021-07-30"
"U-MAIN-AR00018486","LJKT MARKETING","2021-02-26"
"O-MAIN-AR00025637","LIBERTAD CONSUMERS CORP - LIBE...","2021-03-25"
"O-MAIN-AR00025279","JUMBO JENRA SUPERMARKET - ANGE...","2021-01-28"
"U-MAIN-AR00018986","HOSANNA HEIGHTS PHILS., INC.","2021-04-10"
"U-MAIN-AR00019382","HOSANNA HEIGHTS PHILS., INC.","2021-05-20"
"O-MAIN-AR00025734","HOSANNA HEIGHTS PHILS., INC.","2021-04-14"
"U-MAIN-AR00018438","HOSANNA HEIGHTS PHILS., INC.","2021-02-19"
"O-MAIN-AR00025439","GRAND UNION SUPERMARKET, INC.","2021-02-23"
"O-MAIN-AR00025644","GRAND UNION SUPERMARKET, INC.","2021-03-26"
"O-MAIN-AR00026421","GRAND UNION SUPERMARKET, INC.","2021-07-31"
"U-MAIN-AR00018825","GLESS SALIRE - TFI","2021-03-26"
"U-MAIN-AR00019615","GLESS SALIRE - TFI","2021-06-10"
"U-MAIN-AR00019755","EVERKEEN MARKETING, INC.  ","2021-06-26"
"U-MAIN-AR00018476","EDMUNDO MILANTE JR.","2021-02-22"
"U-MAIN-AR00019357","EASYLANE SUPERMARKET 2","2021-05-19"
"U-MAIN-AR00018263","DIVIMART CORPORATION - PASIG","2021-02-03"
"U-MAIN-AR00019222","CSI WAREHOUSE CLUB INC.(LUCAO)","2021-05-07"
"U-MAIN-AR00019223","COSTSAVER'S SUPERMARKET INC (S...","2021-05-07"
"U-MAIN-AR00018718","COLTOP CORPORATION","2021-03-18"
"U-MAIN-AR00019668","CITY SUPERMARKET INC.","2021-06-18"
"U-MAIN-AR00019221","CITY SUPERMARKET INC.","2021-05-07"
"U-MAIN-AR00019472","CGS AIR SUPPLY & GEN. MDSE.","2021-05-28"
"O-MAIN-AR00026422","C.K. SY COMM'L IND'L MGT. & DE...","2021-07-30"
"U-MAIN-AR00018163","C.E.A.M ENTERPRISES","2021-01-25"
"U-MAIN-AR00018744","ARIES ART GENERAL MERCHANDISE","2021-03-22"
"U-MAIN-AR00019923","ARIES ART GENERAL MERCHANDISE","2021-07-22"
"U-MAIN-AR00020145","ALPHONSE CHUNG","2021-08-11"
"O-MAIN-AR00025669","3030 DPP EXPRESS INC.","2021-04-05"
"O-MAIN-AR00026047","3030 DPP EXPRESS INC.","2021-06-01"
"U-MAIN-AR00018426","3 AMC MARKETING","2021-02-18"
"U-MAIN-AR00018831","3 AMC MARKETING","2021-03-29"
